<keymap version="1" name="Default copy 1" parent="$default">
  <action id="$Redo">
    <keyboard-shortcut first-keystroke="ctrl y" />
  </action>
  <action id="ChooseRunConfiguration">
    <keyboard-shortcut first-keystroke="shift r" />
  </action>
  <action id="CollapseRegion">
    <keyboard-shortcut first-keystroke="ctrl minus" />
  </action>
  <action id="Editor Redo">
    <keyboard-shortcut first-keystroke="ctrl y" />
  </action>
  <action id="EditorDecreaseFontSize">
    <keyboard-shortcut first-keystroke="ctrl subtract" />
    <mouse-shortcut keystroke="control button142" />
  </action>
  <action id="EditorDeleteLine" />
  <action id="EditorDeleteToLineStart">
    <keyboard-shortcut first-keystroke="ctrl l" />
  </action>
  <action id="EditorIncreaseFontSize">
    <keyboard-shortcut first-keystroke="ctrl add" />
    <mouse-shortcut keystroke="control button143" />
  </action>
  <action id="EditorLeftWithSelection" />
  <action id="EditorLineEnd">
    <keyboard-shortcut first-keystroke="shift right" />
  </action>
  <action id="EditorLineStart">
    <keyboard-shortcut first-keystroke="shift left" />
  </action>
  <action id="EditorResetFontSize">
    <keyboard-shortcut first-keystroke="ctrl multiply" />
  </action>
  <action id="EditorSelectLine">
    <keyboard-shortcut first-keystroke="shift s" />
  </action>
  <action id="ExpandRegion">
    <keyboard-shortcut first-keystroke="ctrl equals" />
  </action>
  <action id="GotoFile" />
  <action id="NewElement">
    <keyboard-shortcut first-keystroke="shift ctrl n" />
  </action>
  <action id="Replace" />
  <action id="WebOpenInAction">
    <keyboard-shortcut first-keystroke="ctrl r" />
  </action>
</keymap>